first_name,last_name,email,date
Zeynep,Kaya,elif.aksoy@yandex.com,2022-12-21
Ayşe,Eren,zehra.korkmaz@yandex.com,2021-06-19
Merve,Güneş,zehra.yılmaz@hotmail.com,2022-05-18
Serkan,Çelik,serkan.kaya@yandex.com,2023-10-17
Ayşe,Arslan,esra.polat@yandex.com,2021-04-27
Merve,Polat,zeynep.kaya@yahoo.com,2022-09-24
Meltem,Çelik,zehra.yılmaz@hotmail.com,2023-07-11
Zehra,Kaya,ayşe.çelik@gmail.com,2023-09-05
Kemal,Demir,ayşe.eren@outlook.com,2020-02-02
Cem,Işık,zehra.türkmen@yahoo.com,2020-08-13
Ali,Şahin,serkan.bulut@yandex.com,2022-02-13
Esra,Eren,zeynep.polat@outlook.com,2020-05-17
Merve,Kaya,esra.acar@yandex.com,2020-01-17
Kadir,Çelik,ahmet.koç@outlook.com,2021-10-11
Emine,Korkmaz,cem.işık@yahoo.com,2022-01-07
Esra,Aksoy,esra.arslan@hotmail.com,2022-11-28
Ahmet,Çelik,hüseyin.aksoy@outlook.com,2020-04-28
Ali,Güneş,mehmet.öztürk@hotmail.com,2023-07-23
Zeynep,Polat,ahmet.öztürk@hotmail.com,2020-11-05
Hüseyin,Yılmaz,esra.bulut@yahoo.com,2020-06-09
Hasan,Kaya,esra.yılmaz@outlook.com,2022-01-01
Zehra,Işık,zehra.arslan@yandex.com,2020-06-12
Fatma,Çelik,meltem.işık@yahoo.com,2021-10-28
Ahmet,Koç,ali.türkmen@yahoo.com,2020-07-16
Zeynep,Yılmaz,cem.acar@outlook.com,2022-05-18
Ali,Işık,fatma.kaya@yahoo.com,2020-09-16
Esra,Polat,ahmet.korkmaz@hotmail.com,2023-12-21
Merve,Şahin,kemal.türkmen@hotmail.com,2022-11-07
Emine,Kaya,kemal.yıldız@outlook.com,2021-07-27
Fatma,Eren,mustafa.kaya@gmail.com,2021-08-28
Zeynep,Öztürk,ayşe.demir@yandex.com,2023-07-18
Zeynep,Polat,serkan.korkmaz@gmail.com,2023-05-01
Zehra,Yıldız,hasan.demir@gmail.com,2022-09-12
Elif,Çelik,kemal.aksoy@outlook.com,2022-04-09
Serkan,Acar,hasan.güneş@yandex.com,2020-10-15
Hüseyin,Öztürk,meltem.türkmen@yandex.com,2023-07-01
Aylin,Demir,zeynep.kaya@yahoo.com,2023-02-04
Fatma,Öztürk,emine.kaya@gmail.com,2022-01-12
Elif,Yılmaz,cem.aksoy@yandex.com,2023-01-11
Zehra,Polat,ahmet.koç@yandex.com,2020-04-15
Esra,Öztürk,kemal.türkmen@gmail.com,2020-11-19
Emine,Şahin,kemal.polat@yandex.com,2021-06-05
Zehra,Işık,kadir.öztürk@outlook.com,2023-12-27
Ali,Korkmaz,mustafa.yıldız@yandex.com,2021-10-16
Meltem,Kaya,ayşe.kaya@hotmail.com,2021-03-11
Zeynep,Korkmaz,fatma.türkmen@yandex.com,2022-12-26
Zehra,Aksoy,kadir.türkmen@hotmail.com,2022-02-15
Kemal,Işık,kadir.kaya@hotmail.com,2022-04-25
Fatma,Aksoy,fatma.polat@gmail.com,2022-10-15
Zeynep,Acar,cem.şahin@hotmail.com,2020-10-21
